Astronomy,Galaxy;Meteor;Comet;Eclipse;Nebula;Satellite;Asteroid;Supernova;Cosmos;Quasar;Pulsar;Gravity;Telescope;Lunar;Solar;Orbit;Planet;Starlight;Wavelength;Parallax;Zenith;Azimuth;Equinox;Solstice;Horizon;Magnitude;Spectrum;Aperture;Radiotelescope;Spectrograph;Atmosphere;Magnetosphere;Ionosphere;Exosphere;Chromosphere;Photosphere;Corona;Prominence;Sunspot;Flarestorm;Penumbra;Umbra;Baily;Ecliptic;Zodiac;Precession;Nutation;Libration;Perigee;Apogee;Perihelion;Aphelion;Syzygy;Conjunction;Opposition;Occultation;Transit;Eclipse;Saros;Node;Declination;Right;Ascension;Altitude;Latitude;Longitude;Meridian;Nadir;Celestial;Equator;Poles;Ecliptic;Zodiacal;Astrophysics;Constellation;Observatory;Interstellar;Cosmology;Solar System;Light Year;Exoplanet;Wormhole;Singularity;Spacecraft;Astronaut;Cosmonaut;Space Station;Space Suit;Weightless;Microgravity;Red Giant;White Dwarf;Neutron Star;Event Horizon;Solar Eclipse;Lunar Eclipse;Shooting Star;Meteor Shower;Space Probe;Deep Space;Dark Matter;Dark Energy;Space Time;Dwarf Planet;Milky Way;Andromeda;Spacewalk;Solar Flare;Black Hole;Orbit Trail;Space Shuttle;Moon Landing;Star Cluster;Cosmic Dust;Space Rocket;Lunar Rover;Space Travel;Stargazing;Night Sky;Orbiting;Spacecrafts;Observatories;Astronomer;Galaxies;Nebulae;Planetary;Starry Night;Supernovae;Interplanetary;Starlight Sky;Solar Power;Space Capsule
Human Body,Head;Face;Eye;Ear;Nose;Mouth;Tooth;Tongue;Throat;Neck;Shoulder;Arm;Elbow;Forearm;Wrist;Hand;Finger;Thumb;Chest;Breast;Rib;Abdomen;Navel;Waist;Hip;Thigh;Knee;Leg;Shin;Calf;Ankle;Foot;Heel;Toe;Bone;Skull;Spine;Vertebra;Ribcage;Pelvis;Femur;Tibia;Fibula;Patella;Humerus;Radius;Ulna;Clavicle;Scapula;Muscle;Tendon;Ligament;Joint;Cartilage;Skin;Hair;Nail;Gland;Artery;Vein;Capillary;Blood;Plasma;Heart;Lung;Liver;Kidney;Stomach;Intestine;Pancreas;Spleen;Gallbladder;Bladder;Urethra;Ureter;Brain;Cerebrum;Cerebellum;Brainstem;Spinal Cord;Nerve;Neuron;Axon;Dendrite;Synapse;Receptor;Hormone;Thyroid;Pituitary;Adrenal;Thymus;Larynx;Pharynx;Esophagus;Epiglottis;Trachea;Bronchus;Alveolus;Diaphragm;Shoulder Blade;Collarbone;Kneecap;Shinbone;Fingernail;Toenail;Backbone;Jawbone;Tailbone;Lymph Node;Immune System;Sweat Gland;Salivary Gland;Vocal Cord;Taste Bud;Metabolism;Respiration;Circulation;Digestion;Eardrum;Eyebrow;Eyelash;Blood Vessel;Heartbeat;Pulse Rate;Bone Marrow;Ankle Bone;Wrist Joint;Elbow Joint;Brain Stem;Nervous System;Muscles;Pancreas;Small Intestine;Large Intestine;Thorax;Arteries;Veins;Red Blood Cell;White Blood Cell;Platelets;Hair Follicle;Skin Cells;Tongue Muscle
Animals,Dog;Cat;Bird;Fish;Mouse;Rat;Rabbit;Squirrel;Hamster;Guinea Pig;Gerbil;Chinchilla;Ferret;Hedgehog;Porcupine;Deer;Elk;Moose;Caribou;Reindeer;Antelope;Gazelle;Buffalo;Bison;Cow;Bull;Calf;Ox;Yak;Zebu;Sheep;Ram;Ewe;Lamb;Goat;Kid;Pig;Sow;Boar;Piglet;Horse;Stallion;Mare;Foal;Colt;Filly;Pony;Donkey;Mule;Zebra;Camel;Llama;Alpaca;Vicuna;Guanaco;Elephant;Rhinoceros;Hippopotamus;Giraffe;Okapi;Lion;Lioness;Tiger;Tigress;Leopard;Cheetah;Jaguar;Panther;Puma;Cougar;Lynx;Bobcat;Ocelot;Serval;Caracal;Snow;Bear;Grizzly;Polar;Panda;Koala;Kangaroo;Wallaby;Wombat;Tasmanian;Opossum;Possum;Sloth;Armadillo;Anteater;Tamandua;Pangolin;Aardvark;Platypus;Echidna;Whale;Dolphin;Porpoise;Seal;Sea Lion;Walrus;Manatee;Dugong;Otter;Beaver;Nutria;Capybara;Badger;Skunk;Wolverine;Marten;Fisher;Mink;Weasel;Stoat;Ferret;Mongo;Flying Squirrel;Salamander;Sea Urchin;Grasshopper;Centipede;Millipede;Goldfish;Stingray;Seahorse;Flamingo;Albatross;Crocodile;Alligator;Chimpanzee;Rattlesnake;Woodpecker;Mountain Lion;Polar Bear;Grizzly Bear;Koala Bear;Panda Bear;Black Bear;Komodo Dragon;Gila Monster;Chameleon;Iguana;Tarantula;Scorpion;Jellyfish;Octopus;Squid;Hammerhead;Great White;Blue Whale;Humpback Whale;Killer Whale;Bottlenose
Earth,Mountain;Hill;Valley;Canyon;Gorge;Ravine;Pass;Plateau;Mesa;Butte;Plain;Prairie;Steppe;Savanna;Desert;Dune;Oasis;Island;Islet;Atoll;Archipelago;Peninsula;Cape;Headland;Isthmus;Coast;Shore;Beach;Cliff;Bluff;Dune;Reef;Coral;Bay;Gulf;Cove;Fjord;Sound;Strait;Channel;Harbor;Port;Basin;Sinkhole;Cave;Cavern;Grotto;Volcano;Crater;Caldera;Geyser;Fumarole;Hot Spring;Glacier;Iceberg;Ice Sheet;Ice Cap;Snowfield;Avalanche;Landslide;Mudslide;Earthquake;Fault;Trench;Ridge;Rift;Plateau;Plain;Continental;Shelf;Slope;Rise;Abyssal;Plain;Seamount;Guyot;Ocean;Sea;Lake;Pond;Lagoon;Reservoir;River;Stream;Creek;Brook;Tributary;Estuary;Delta;Marsh;Swamp;Bog;Fen;Wetland;Rainforest;Grassland;Waterfall;Stalactite;Stalagmite;Topography;Permafrost;Geothermal;Lithosphere;Hydrosphere;Sedimentary;Metamorphic;Subduction;Underground;Biosphere;Atmosphere;Ecosystem;Mountain Range;River Valley;Volcanic Eruption;Tectonic Plate;Glacial Valley;Ocean Current;Coastal Plain;Canyon Wall;Geyser Vent;Natural Park;Wilderness;Forest Floor;River Bank;Mountain Peak;Plateau Plain
Weather,Sun;Sunlight;Sunshine;Heat;Warmth;Temperature;Thermometer;Barometer;Anemometer;Hygrometer;Rain;Raindrop;Rainfall;Shower;Downpour;Deluge;Drizzle;Misk;Fog;Mist;Haze;Smog;Cloud;Cumulus;Stratus;Cirrus;Nimbus;Thunder;Lightning;Thunderstorm;Thunderhead;Squall;Gale;Wind;Breeze;Draft;Gust;Draft;Hurricane;Typhoon;Cyclone;Tornado;Twister;Waterspout;Whirlwind;Blizzard;Snow;Snowflake;Snowfall;Snowstorm;Sleet;Hail;Hailstone;Frost;Hoarfrost;Rime;Dew;Dewdrop;Ice;Icicle;Glaze;Precipitation;Evaporation;Condensation;Stratosphere;Troposphere;Atmosphere;Ozone Layer;Greenhouse;Global Warming;Climate Change;Weather Vane;Lightning Rod;Microburst;Sandstorm;Dust Storm;Hailstorm;Overcast;High Pressure;Low Pressure;Flash Flood;Tropical Storm;Winter Storm;Freezing Rain;Tornado Warning;Hurricane Wind;Cyclone Warning;Typhoon Eye;Weather Radar;Weather Satellite;Humidity Level
Chemistry,Element;Atom;Proton;Neutron;Electron;Nucleus;Orbital;Shell;Valence;Isotope;Ion;Cation;Anion;Molecule;Compound;Bond;Covalent;Ionic;Metallic;Hydrogen;Helium;Lithium;Beryllium;Boron;Carbon;Nitrogen;Oxygen;Fluorine;Neon;Sodium;Magnesium;Aluminum;Silicon;Phosphorus;Sulfur;Chlorine;Argon;Potassium;Calcium;Scandium;Titanium;Vanadium;Chromium;Manganese;Iron;Cobalt;Nickel;Copper;Zinc;Gallium;Germanium;Arsenic;Selenium;Bromine;Krypton;Rubidium;Strontium;Yttrium;Zirconium;Niobium;Molybdenum;Technetium;Ruthenium;Rhodium;Palladium;Silver;Cadmium;Indium;Tin;Antimony;Tellurium;Iodine;Xenon;Cesium;Barium;Lanthanum;Cerium;Praseodymium;Neodymium;Promethium;Samarium;Europium;Gadolinium;Terbium;Dysprosium;Holmium;Erbium;Thulium;Ytterbium;Lutetium;Hafnium;Tantalum;Tungsten;Rhenium;Osmium;Iridium;Platinum;Gold;Mercury;Thallium;Lead;Bismuth;Polonium;Astatine;Radon;Francium;Radium;Actinium;Thorium;Protactinium;Uranium;Periodic Table;Atomic Mass;Atomic Number;Hydrogen Peroxide;Freezing Point;Boiling Point;Chemical Waste;Hydrocarbon;Laboratory;Bunsen Burner;Test Tube;Sublimation;Photosynthesis;Carbohydrate;Crystalline;Chemical Reaction;Molecular Weight;Electron Shell;Covalent Bond;Ionic Bond;Organic Chemistry;Inorganic Chemistry;Solvent Mixture;Solution Concentrate;Acidic Solution;Alkaline Water;Chemical Formula;Element Symbol;Catalyst Reaction;Polymer Chain;Atomic Structure
Physics,Force;Mass;Weight;Gravity;Acceleration;Velocity;Speed;Momentum;Inertia;Friction;Energy;Work;Power;Jouile;Watt;Newton;Pascal;Pressure;Density;Volume;Area;Distance;Displacement;Time;Frequency;Hertz;Wavelength;Amplitude;Wave;Sound;Light;Photon;Optics;Reflection;Refraction;Diffraction;Interference;Polarization;Lens;Mirror;Prism;Spectrum;Color;Laser;Heat;Temperature;Calorie;Thermodynamics;Conduction;Convection;Radiation;Entropy;Enthalpy;Absolute;Zero;Electricity;Charge;Coulomb;Voltage;Volt;Current;Ampere;Resistance;Ohm;Circuit;Capacitor;Inductor;Resistor;Diode;Transistor;Magnetism;Magnetic;Field;Tesla;Gauss;Induction;Electromagnet;Relativity;Quantum;Mechanics;Particle;Quark;Lepton;Boson;Gluon;Photon;Graviton;Neutrino;Positron;Antimatter;Thermodynamics;Aerodynamics;Doppler Effect;Radioactive;Microscope;Telescope;Fluids;Turbulence;Kinetic Energy;Potential Energy;Gravitational;Electric Current;Centripetal Force;Centrifugal;Friction Force;Thermal Energy;Quantum Physics;Nuclear Energy;Sound Wave;Light Beam;Prism Spectrum;Electromagnetic;Photon Energy
Biology,Cell;Tissue;Organ;System;Organism;Species;Genus;Family;Order;Class;Phylum;Kingdom;Domain;DNA;RNA;Gene;Chromosome;Genome;Mutation;Allele;Genotype;Phenotype;Dominant;Recessive;Codominance;Evolution;Natural;Selection;Adaptation;Speciation;Extinction;Fossil;Paleontology;Ecosystem;Community;Population;Habitat;Niche;Producer;Consumer;Decomposer;Herbivore;Carnivore;Omnivore;Predator;Prey;Food;Chain;Web;Symbiosis;Mutualism;Commensalism;Parasitism;Photosynthesis;Respiration;Fermentation;Enzyme;Substrate;Protein;Carbohydrate;Lipid;Nucleic;Acid;Amino;Acid;Glucose;ATP;Mitochondria;Chloroplast;Ribosome;Endoplasmic;Reticulum;Golgi;Lysosome;Vacuole;Nucleus;Cytoplasm;Membrane;Wall;Mitosis;Meiosis;Microbiology;Conservation;Biochemistry;Immunology;White Blood;Cellular;Genetic Code;Double Helix;DNA Molecule;RNA Strand;Cell Membrane;Cell Wall;Cytoplasm;Endoplasmic;Organelle;Tissue Structure;Organ System;Ecosystem Chain;Evolutionary;Classification;Taxonomy;Biological Clock
Sports,Football;Soccer;Basketball;Baseball;Softball;Volleyball;Tennis;Table;Golf;Rugby;Cricket;Field;Hockey;Ice;Lacrosse;Polo;Water;Handball;Dodgeball;Kickball;Ultimate;Frisbee;Badminton;Squash;Racquetball;Pickleball;Bowling;Billiards;Snooker;Pool;Darts;Archery;Shooting;Fencing;Boxing;Kickboxing;Wrestling;Judo;Karate;Taekwondo;Kung;Fu;Jujitsu;Aikido;Sumo;Gymnastics;Trampoline;Tumbler;Cheerleading;Dance;Figure;Skating;Speed;Short;Track;Roller;Skateboarding;Snowboarding;Skiing;Alpine;Nordic;Freestyle;Cross;Country;Biathlon;Ski;Jumping;Luge;Skeleton;Bobsled;Curling;Rowing;Canoeing;Kayaking;Sailing;Surfing;Windsurfing;Kitesurfing;Wakeboarding;Water;Skiing;Diving;Swimming;Synchronized;Triathlon;Decathlon;Pentathlon;Marathon;Sprint;Hurdles;Relay;High;Jump;Long;Pole;Vault;Shot;Put;Discus;Javelin;Hammer;Throw;Weightlifting;Powerlifting;Bodybuilding;Goalkeeper;World Record;Personal Best;Finish Line;Starting Line;Counter Attack;Reaction Time;Track and Field;Pole Vault;Discus Throw;Javelin Throw;Shot Put;Hammer Throw
Food,Bread;Toast;Bagel;Croissant;Muffin;Scone;Pancake;Waffle;Cereal;Oatmeal;Porridge;Egg;Omelet;Scramble;Bacon;Sausage;Ham;Steak;Beef;Pork;Lamb;Veal;Chicken;Turkey;Duck;Goose;Fish;Salmon;Tuna;Trout;Cod;Halibut;Haddock;Mahimahi;Tilapia;Catfish;Sardine;Anchovy;Shrimp;Prawn;Crab;Lobster;Clam;Mussel;Oyster;Scallop;Squid;Octopus;Caviar;Rice;Noodle;Pasta;Spaghetti;Macaroni;Lasagna;Ravioli;Tortellini;Gnocchi;Pizza;Burger;Cheeseburger;Sandwich;Wrap;Taco;Burrito;Quesadilla;Enchilada;Tamale;Fajita;Nachos;Soup;Stew;Chili;Chowder;Bisque;Salad;Cauliflower;Watermelon;Strawberry;Blueberry;Raspberry;Blackberry;Pistachio;Hazelnut;Mozzarella;Parmesan;Casserole;Cheesecake;Milkshake;French Fries;Potato Chips;Garlic Bread;Chicken Wings;Barbecue Ribs;Meatball Pasta;Beef Stroganoff;Chicken Parm;Apple Pie;Pumpkin Pie;Chocolate Cake;Vanilla Ice Cream;Frozen Yogurt;Panna Cotta;Tiramisu;Crème Brûlée;Shortbread;Gingerbread;Brownie Sundae
Music,Note;Pitch;Tone;Frequency;Scale;Major;Minor;Key;Signature;Clef;Treble;Bass;Alto;Tenor;Baritone;Soprano;Mezzo;Contralto;Rhythm;Beat;Tempo;Meter;Time;Measure;Bar;Rest;Chord;Triad;Arpeggio;Harmony;Melody;Tune;Theme;Motif;Phrase;Section;Form;Verse;Chorus;Bridge;Outro;Intro;Refrain;Hook;Riff;Solo;Duet;Trio;Quartet;Quintet;Ensemble;Band;Orchestra;Choir;Chorus;Conductor;Composer;Arranger;Performer;Musician;Singer;Vocalist;Instrument;Violin;Viola;Cello;Double;Bass;Harp;Guitar;Acoustic;Electric;Ukulele;Banjo;Mandolin;Lute;Piano;Organ;Accordion;Flute;Piccolo;Oboe;Clarinet;Bassoon;Saxophone;Trumpet;Cornet;Trombone;Euphonium;Tuba;French;Horn;Drums;Cymbal;Triangle;Tambourine;Xylophone;Marimba;Vibraphone;Glockenspiel;Timpani;Gong;Quarter Note;Sixteenth Note;Percussion;Woodwind;Rhythm Guitar;Synthesizer;Equalizer;Turntable;Performance;Electric Guitar;Acoustic Guitar;Bass Guitar;Grand Piano;Upright Piano;Violoncello;French Horn;Bass Trombone;Snare Drum;Bass Drum;Cymbal Crash;Pipe Organ;Electric Organ;Audio Mixer;Sound Board;Microphone;Headphones;Loudspeaker;Subwoofer
Movies,Film;Movie;Cinema;Picture;Motion;Feature;Short;Trailer;Teaser;Promo;Commercial;Scene;Shot;Take;Cut;Transition;Fade;Dissolve;Wipe;Zoom;Pan;Tilt;Tracking;Steadicam;Drone;Crane;Handheld;Camera;Lens;Filter;Lighting;Key;Fill;Backlight;Practical;Sound;Audio;Dialogue;Voiceover;Foley;Effects;Score;Soundtrack;Theme;Music;Director;Producer;Writer;Screenwriter;Cinematographer;Editor;Designer;Costumer;Makeup;Hairstylist;Gaffer;Grip;Actor;Actress;Star;Cast;Extra;Stunt;Double;Standin;Crew;Studio;Set;Location;Stage;Backlot;Prop;Wardrobe;Script;Screenplay;Story;Plot;Theme;Genre;Action;Adventure;Comedy;Drama;Horror;Thriller;Mystery;Romance;SciFi;Fantasy;Western;Musical;Documentary;Animation;Blockbuster;Science Fiction;Special Effect;Visual Effect;Motion Capture;Independent Film;Surround Sound;Chroma Key;Film Festival;Feature Film;Short Film;Animated Film;Action Movie;Comedy Movie;Horror Movie;Drama Movie;Thriller Movie;Romantic Comedy;Movie Theater;Popcorn Stand;Film Director;Movie Producer;Cinematographer;Film Editor;Stunt Performer;Voice Actor;Movie Studio
Countries,United States;United Kingdom;Czech Republic;Saudi Arabia;United Arab Emirates;South Africa;Ivory Coast;East Timor;North Korea;South Korea;New Zealand;Madagascar;Afghanistan;Albania;Algeria;Andorra;Angola;Antigua;Barbuda;Argentina;Armenia;Australia;Austria;Azerbaijan;Bahamas;Bahrain;Bangladesh;Barbados;Belarus;Belgium;Belize;Benin;Bhutan;Bolivia;Bosnia;Herzegovina;Botswana;Brazil;Brunei;Bulgaria;Burkina;Faso;Burundi;Cabo;Verde;Cambodia;Cameroon;Canada;Central;African;Republic;Chad;Chile;China;Colombia;Comoros;Congo;Costa;Rica;Croatia;Cuba;Cyprus;Denmark;Djibouti;Dominica;Dominican;Republic;Ecuador;Egypt;El;Salvador;Equatorial;Guinea;Eritrea;Estonia;Eswatini;Ethiopia;Fiji;Finland;France;Gabon;Gambia;Georgia;Germany;Ghana;Greece;Grenada;Guatemala;Guinea;Guyana;Haiti;Honduras;Hungary;Iceland;India;Indonesia;Iran;Iraq;Ireland;Israel;Italy;Jamaica;Japan;Jordan;Kazakhstan;Kenya;Kiribati;Kuwait;Kyrgyzstan;Laos;Latvia;Lebanon;Lesotho;Liberia;Libya;Liechtenstein;Lithuania;Luxembourg;Malawi;Malaysia;Maldives;Mali;Malta;Marshall;Islands;Mauritania;Mauritius;Mexico;Micronesia;Moldova;Monaco;Mongolia;Montenegro;Morocco;Mozambique;Myanmar;Namibia;Nauru;Nepal;Netherlands;Nicaragua;Niger;Nigeria;North;Macedonia;Norway;Oman;Pakistan;Palau;Palestine;Panama;Papua;New;Guinea;Paraguay;Peru;Philippines;Poland;Portugal;Qatar;Romania;Russia;Rwanda;Saint;Kitts;Nevis;Lucia;Vincent;Grenadines;Samoa;San;Marino;Sao;Tome;Principe;Senegal;Serbia;Seychelles;Sierra;Leone;Singapore;Slovakia;Slovenia;Solomon;Islands;Somalia;Spain;Sri;Lanka;Sudan;Suriname;Sweden;Switzerland;Syria;Tajikistan;Tanzania;Thailand;Togo;Tonga;Trinidad;Tobago;Tunisia;Turkey;Turkmenistan;Tuvalu;Uganda;Ukraine;Uruguay;Uzbekistan;Vanuatu;Vatican;City;Venezuela;Vietnam;Yemen;Zambia;Zimbabwe
Technology,Computer;Desktop;Laptop;Tablet;Smartphone;Smartwatch;Television;Monitor;Display;Screen;Keyboard;Mouse;Trackpad;Stylus;Printer;Scanner;Projector;Speaker;Headphones;Earbuds;Microphone;Webcam;Camera;Router;Modem;Switch;Hub;Cable;Adapter;Charger;Battery;Power;Bank;Processor;CPU;GPU;RAM;ROM;Storage;Hard;Drive;SSD;Flash;Memory;Motherboard;Power;Supply;Case;Fan;Cooler;Operating;System;Windows;macOS;Linux;Android;iOS;Software;Application;Program;App;Browser;Engine;Database;Server;Client;Network;Internet;Intranet;Ethernet;WiFi;Bluetooth;Cellular;Satellite;Cloud;Security;Firewall;Antivirus;Encryption;Password;Authentication;Backup;Update;Upgrade;Bug;Glitch;Patch;Code;Programming;Developer;Engineer;Algorithm;Data;Analytics;Game Controller;Solid State Drive;Flash Drive;Memory Card;Operating System;Quality Assurance;User Interface;User Experience;Cybersecurity;Artificial Intelligence;Machine Learning;Deep Learning;Neural Network;Cloud Computing;Virtual Reality;Augmented Reality;Quantum Computer;Microprocessor;Graphics Card;Router Device;Wireless Network;Bluetooth Device;Touch Screen;Digital Camera
Fruits and Vegetables,Apple;Pear;Peach;Nectarine;Plum;Apricot;Cherry;Grape;Strawberry;Raspberry;Blackberry;Blueberry;Cranberry;Gooseberry;Currant;Elderberry;Fig;Date;Prune;Raisin;Pomegranate;Kiwi;Banana;Plantain;Pineapple;Mango;Papaya;Guava;Passion;Fruit;Dragon;Star;Lychee;Rambutan;Longan;Durian;Jackfruit;Breadfruit;Persimmon;Kumquat;Loquat;Quince;Melon;Watermelon;Cantaloupe;Honeydew;Orange;Lemon;Lime;Grapefruit;Tangerine;Clementine;Mandarin;Satsuma;Pomelo;Citron;Tomato;Potato;Sweet;Yam;Cassava;Taro;Carrot;Parsnip;Turnip;Rutabaga;Radish;Horseradish;Beet;Beetroot;Onion;Shallot;Garlic;Leek;Chive;Scallion;Celery;Fennel;Asparagus;Rhubarb;Artichoke;Broccoli;Cauliflower;Cabbage;Brussels;Sprout;Kale;Spinach;Lettuce;Arugula;Endive;Radicchio;Swiss;Chard;Collard;Greens;Mustard;Watercress;Parsley;Cilantro;Basil;Oregano;Thyme;Rosemary;Sage;Mint;Dill;Tarragon;Marjoram;Sweet Potato;Acorn Squash;Dragon Fruit;Passion Fruit;Star Fruit;Swiss Chard;Collard Greens;Mustard Greens;Microgreens;Sugar Snap;Yellow Squash;Butternut Squash;Spaghetti Squash;Bell Pepper;Jalapeño Pepper;Habanero Pepper;Cherry Tomato;Roma Tomato;Green Beans;Kidney Beans;Pinto Beans;Black Eyed Peas;Garbanzo Beans;Honeydew Melon;Blood Orange;Mandarin Orange
Drinks,Water;Juice;Soda;Pop;Cola;Limonade;Lemonade;Iced;Tea;Green;Black;White;Oolong;Chai;Herbal;Matcha;Coffee;Espresso;Cappuccino;Latte;Macchiato;Mocha;Americano;Decaf;Cold;Brew;Nitro;Milk;Whole;Skim;Soy;Almond;Oat;Rice;Coconut;Hemp;Chocolate;Milkshake;Smoothie;Slushie;Cider;Eggnog;Punch;Sangria;Wine;Red;Rosé;Sparkling;Champagne;Prosecco;Cava;Beer;Ale;Lager;Pilsner;Stout;Porter;IPA;Saison;Sour;Wheat;Cider;Mead;Sake;Soju;Shochu;Baijiu;Vodka;Gin;Rum;Tequila;Mezcal;Whiskey;Bourbon;Scotch;Rye;Irish;Brandy;Cognac;Armagnac;Pisco;Grappa;Liqueur;Schnapps;Absinthe;Vermouth;Aperol;Campari;Bitters;Cocktail;Martini;Margarita;Daiquiri;Mojito;Manhattan;Old;Fashioned;Negroni;Sazerac;Sparkling Wine;Bloody Mary;Amaretto Sour;Irish Coffee;Root Beer Float;Tonic Water;Club Soda;Sparkling Water;Mineral Water;Spring Water;Filtered Water;Energy Drink;Sports Drink;Hot Chocolate;Fruit Smoothie;Oolong Tea;Chai Latte;Earl Grey;Chamomile;Peppermint
Professions,Doctor;Physician;Surgeon;Nurse;Dentist;Orthodontist;Pharmacist;Veterinarian;Optometrist;Podiatrist;Chiropractor;Physical;Therapist;Occupational;Speech;Pathologist;Audiologist;Psychologist;Psychiatrist;Social;Worker;Counselor;Teacher;Professor;Instructor;Educator;Tutor;Principal;Dean;Superintendent;Librarian;Archivist;Curator;Scientist;Researcher;Biologist;Chemist;Physicist;Astronomer;Geologist;Meteorologist;Oceanographer;Ecologist;Geneticist;Neuroscientist;Archaeologist;Anthropologist;Sociologist;Historian;Economist;Political;Statistician;Mathematician;Actuary;Data;Engineer;Civil;Mechanical;Electrical;Chemical;Aerospace;Biomedical;Environmental;Industrial;Software;Computer;Hardware;Network;Security;Architect;Drafter;Surveyor;Urban;Planner;Interior;Designer;Graphic;Web;UX;UI;Animator;Illustrator;Artist;Painter;Sculptor;Photographer;Videographer;Filmmaker;Director;Producer;Writer;Author;Journalist;Reporter;Editor;Copywriter;Translator;Interpreter;Flight Attendant;Fashion Designer;Makeup Artist;Real Estate Agent;Insurance Agent;Sales Representative;Radio Personality;Television Host;Sports Commentator;Quality Assurance;Compliance Officer;Human Resources;Training Specialist;Research Assistant;Financial Advisor;Data Scientist;Mechanical Engineer;Electrical Engineer;Graphic Designer;Project Manager;Operations Manager;Account Executive
Transportation,Bicycle;Tricycle;Unicycle;Scooter;Moped;Motorcycle;Dirt;Bike;Cruiser;Sportbike;Chopper;ATV;UTV;Snowmobile;Golf;Cart;Automobile;Car;Sedan;Coupe;Hatchback;Convertible;Station;Wagon;SUV;Crossover;Minivan;Van;Pickup;Truck;Semi;Trailer;Bus;Coach;Trolley;Streetcar;Tram;Cable;Car;Subway;Train;Locomotive;Monorail;Maglev;Funicular;Gondola;Chairlift;Elevator;Escalator;Moving;Walkway;Airplane;Jet;Biplane;Glider;Helicopter;Gyrocopter;Drone;Airship;Blimp;Hot;Air;Balloon;Space;Shuttle;Rocket;Ship;Boat;Canoe;Kayak;Raft;Dinghy;Rowboat;Sailboat;Yacht;Catamaran;Pontoon;Motorboat;Speedboat;Jet;Ski;Ferry;Ocean;Liner;Cruise;Cargo;Container;Tanker;Tugboat;Barge;Submarine;Hovercraft;Amphibious;Vehicle;Carriage;Cart;Wagon;Sleigh;Sled;Hot Air Balloon;Police Car;Fire Truck;Garbage Truck;Dump Truck;Pickup Truck;Delivery Truck;Tanker Truck;Semi Truck;Tractor Trailer;Moving Van;Camper Van;Motorhome;Electric Vehicle;Autonomous Vehicle;Self Driving Car;Mobility Scooter;Hospital Bed;Wheelchair Ramp;High Speed Train;Bullet Train;Monorail Train;Subway Train;Commuter Train;Passenger Ship
Colors,Red;Orange;Yellow;Green;Blue;Indigo;Violet;Purple;Pink;Magenta;Cyan;Teal;Turquoise;Aqua;Maroon;Burgundy;Crimson;Scarlet;Ruby;Rose;Coral;Peach;Salmon;Amber;Gold;Yellow;Lime;Olive;Chartreuse;Forest;Emerald;Jade;Mint;Sage;Navy;Royal;Sky;Baby;Steel;Midnight;Lavender;Lilac;Plum;Orchid;Violet;Mauve;Taupe;Beige;Tan;Khaki;Brown;Chocolate;Chestnut;Mahogany;Walnut;Sienna;Umber;Sepia;Ivory;Cream;Off;White;Silver;Gray;Slate;Charcoal;Jet;Black;Ebony;Onyx;Obsidian;Electric Blue;Forest Green;Olive Green;Sea Green;Primary Color;Secondary Color;Tertiary Color;Midnight Blue;Navy Blue;Royal Blue;Sky Blue;Baby Blue;Steel Blue;Lime Green;Mint Green;Sage Green;Kelly Green;Jade Green;Apple Green;Lemon Yellow;Canary Yellow;Mustard Yellow;Amber Yellow;Coral Pink;Salmon Pink;Peach Orange;Plum Purple;Chocolate Brown;Caramel Brown;Ivory White;Pearl White;Aquamarine;Terracotta;Periwinkle;Vermilion;Ultramarine;Rose Gold;Goldenrod;Neon Purple;Neon Pink;Bright Orange;Bright Yellow;Bright Green;Deep Crimson;Deep Indigo;Pastel Violet;Pastel Orange;Pastel Yellow;Pastel Green;Pastel Turquoise;Dark Turquoise;Light Cyan;Dark Magenta;Electric Green;Electric Pink;Electric Violet;Metallic Gold;Metallic Copper
Emotions,Happy;Joyful;Cheerful;Delighted;Ecstatic;Elated;Euphoric;Jubilant;Overjoyed;Thrilled;Tickled;Content;Pleased;Satisfied;Gratified;Serene;Peaceful;Calm;Tranquil;Relaxed;Restful;Untroubled;At;ease;Hopeful;Optimistic;Confident;Encouraged;Reassured;Bold;Brave;Courageous;Fearless;Daring;Intrepid;Valiant;Proud;Honored;Dignified;Self-assured;Amused;Entertained;Diverted;Merry;Gleeful;Jovial;Jolly;Playful;Mischievous;Affectionate;Loving;FOND;Warm;Tender;Caring;Compassionate;Sympathetic;Empathetic;Touched;Moved;Inspired;Awed;Astonished;Amazed;Astounded;Enthusiastic;Eager;Keen;Earnest;Passionate;Ardent;Fervent;Zealous;Excited;Exhilarated;Animated;Lively;Vibrant;Energetic;Restless;Anxious;Nervous;Apprehensive;Fearful;Frightened;Scared;Terrified;Petrified;Panicked;Alarmed;Spooked;Uneasy;Troubled;Distressed;Worried;Concerned;Disquieted;Dread;Horror;Trepidation;Lighthearted;Heartbroken;Uninterested;Absent Minded;Appreciative;Indifferent;Introverted;Extroverted;Gregarious;Disappointed;Overwhelmed;Melancholic;Pessimistic;Frustrated;Bewildered;Disillusioned;Heartwarming;Sentimental;Contentment;Satisfaction;Resentful
Games and Toys,Chess;Checkers;Backgammon;Dominoes;Mahjong;Go;Shogi;Xiangqi;Mancala;Nine;Men;Morris;Pachisi;Ludo;Snakes;Ladders;Sorry;Trouble;Parcheesi;Risk;Monopoly;Clue;Scrabble;Boggle;Bananagrams;Upwords;Yahtzee;Farkle;Catan;Carcassonne;Ticket;Ride;Pandemic;Dominion;7;Wonders;Codenames;Dixit;Mysterium;Splendor;Azul;Wingspan;Terraforming;Mars;Gloomhaven;Scythe;Root;Brass;Birmingham;Monopoly;Deal;Uno;Phase;10;Skip;Bo;Dos;Exploding;Kittens;Unstable;Unicorns;Cards;Against;Humanity;Apples;Pictionary;Taboo;Catch;Phrase;Scattergories;Balderdash;Trivial;Pursuit;Cranium;Charades;Poker;Bridge;Hearts;Spades;Euchre;Canasta;Rummy;Solitaire;FreeCell;Spider;Pyramid;Blackjack;Baccarat;Craps;Roulette;Slots;Bingo;Keno;Board Game;Card Game;Video Game;Computer Game;Console Game;Mobile Game;Role Playing Game;Strategy Game;Action Game;Adventure Game;Puzzle Game;Simulation Game;Sports Game;Racing Game;Shooter Game;Fighting Game;Single Player;Multiplayer;Challenge Mode;Survival Mode;Sandbox Mode;Creative Mode;Cheat Code;Game Pad;Motion Controller;Steering Wheel;Action Figure;Scale Model;Jigsaw Puzzle;Rubik Cube;Word Search;Spinning Top;Nerf Gun;Toy Sword;Playhouse;Building Blocks;Rocking Horse
Holidays,New;Year;Eve;Day;Epiphany;Three;Kings;MLK;Martin;Luther;King;Jr;Groundhog;Valentine;Galentine;Presidents;Washington;Lincoln;Mardi;Gras;Shrove;Tuesday;Ash;Wednesday;Lent;Purim;St;Patrick;Spring;Equinox;Passover;Easter;Good;Friday;Palm;Sunday;Holy;Week;Earth;Day;Arbor;Cinco;Mayo;Mother;Memorial;Flag;Father;Juneteenth;Summer;Solstice;Midsummer;Independence;Fourth;July;Canada;Bastille;Labor;Workers;Grandparents;Autumn;Equinox;Rosh;Hashanah;Yom;Kippur;Sukkot;Columbus;Indigenous;Peoples;Halloween;All;Saints;Souls;Day;Dia;de;los;Muertos;Veterans;Armistice;Remembrance;Thanksgiving;Black;Friday;Cyber;Monday;Hanukkah;Chanukah;Winter;Solstice;Christmas;Eve;Boxing;Kwanzaa;Omisoka;Festivus;Hogmanay;Saint;Nicholas;St;Lucia;Diwali;Deepavali;Holi;Eid;al;Fitr;Adha;Ramadan;Mawlid;Vaisakhi;Baisakhi;Lohri;Pongal;Onam;Navratri;Durga;Puja;Ganesh;Chaturthi;Janmashtami;Buddha;Purnima;Vesak;Songkran;Loy;Krathong;TET;Lunar;New Year Day;St Patrick Day;April Fool Day;Mother Day;Memorial Day;Father Day;Independence Day;Labor Day;Veterans Day;Thanksgiving;Boxing Day;New Year Eve;Lunar New Year;Mardi Gras;Groundhog Day;Canada Day;Bastille Day;Harvest Festival;Winter Solstice;Summer Solstice;Spring Equinox;Autumn Equinox;Public Holiday;National Day;Celebration;Anniversary;Festivity;Christmastime;Holiday Season;Holiday Spirit;Halloween Night;Easter Sunday;Valentine Day;Earth Day;Flag Day
Fashion and Clothing,Shirt;Tshirt;Polo;Blouse;Buttondown;Henley;Tank;top;Camisole;Corset;Bustier;Sweater;Cardigan;Pullover;Turtleneck;Hoodie;Sweatshirt;Fleece;Vest;Waistcoat;Jacket;Coat;Overcoat;Peacoat;Trench;Parka;Anorak;Down;Blazer;Suit;Tuxedo;Dress;Gown;Frock;Sundress;Maxi;Midi;Mini;Shift;Sheath;Aline;Wrap;Bodycon;Skirt;Pencil;Aline;Pleated;Flared;Mini;Midi;Maxi;Pants;Trousers;Slacks;Jeans;Denim;Leggings;Jeggings;Sweatpants;Joggers;Shorts;Bermuda;Cargo;Chinos;Khakis;Capris;Overalls;Jumpsuit;Romper;Bodysuit;Uniform;Scrubs;Apron;Robe;Bathrobe;Nightgown;Pajamas;Sleepwear;Underwear;Panties;Briefs;Boxers;Brassiere;Camisole;Shapewear;Stockings;Tights;Hosiery;Socks;Shoes;Boots;Sneakers;Athletic;Loafers;Oxfords;Derbies;Brogues;Monk;straps;Moccasins;Flats;Ballet;Pumps;Heels;Stilettos;Wedges;Sandals;Flipflops;Slippers;Clogs;Mules;Elegance;Windbreaker;Waistcoat;Trousers;Sweatpants;Tracksuit;Nightgown;Bathrobe;Underwear;Undershirt;Stockings;Sneakers;Flip Flops;Slippers;High Heels;Moccasins;Panama Hat;Sombrero;Suspenders;Necktie;Bowtie;Sunglasses;Wristwatch;Jewelry;Necklace;Pendant;Bracelet;Earrings;Cufflinks;Handbag;Tote Bag;Backpack;Messenger Bag;Briefcase;Suitcase
Literature and Books,Novel;Fiction;Nonfiction;Biography;Autobiography;Memoir;Poetry;Drama;Tragedy;Comedy;Fantasy;Mystery;Thriller;Romance;Adventure;Mythology;Folklore;Fairy Tale;Fable;Legend;Parable;Allegory;Satire;Parody;Anthology;Encyclopedia;Dictionary;Thesaurus;Textbook;Journal;Magazine;Newspaper;Article;Editorial;Critique;Manuscript;Publisher;Author;Novelist;Biographer;Reader;Audience;Character;Protagonist;Antagonist;Villain;Narrator;Chapter;Section;Paragraph;Sentence;Stanza;Metaphor;Simile;Symbolism;Imagery;Prologue;Epilogue;Foreword;Afterword;Preface;Appendix;Glossary;Footnote;Citation;Bibliography;Hardcover;Paperback;Ebook;Audiobook;Bookmark;Library;Bookstore;Bestseller;Masterpiece;Classic;Literature;Playwright;Poetical;Short Story;Bookworm;Bookcase;Pencil;Paper;Publishing;Reading;Writing;Scriptwriter;Copywriter;Proofreader;Bookbinding;Calligraphy;Typography;Punctuation;Grammar;Vocabulary;Prose;Limerick;Sonnet;Haiku;Monologue;Dialogue;Soliloquy;Flashback;Foreshadowing;Plotline;Climax;Resolution;Paperbound;Bookstand;Bookcover;Bookshop;Printmaking;Typewriter;Journalism;Storytelling;Bestselling;Serialized;Bookplate;Hardbound;Manuscripts;Playwriting;Copyright;Drafting;Editing;Footnotes;Headings;Index;Pagination;Quotations;Reference;Scribble;Softcover
Geography and Landmarks,Continent;Country;Capital;Province;Territory;District;Metropolis;Equator;Latitude;Longitude;Hemisphere;Prime Meridian;Polar Region;North Pole;South Pole;Compass;Border;Boundary;Frontier;Landscape;Landmark;Monument;Eiffel Tower;Pyramids;Colosseum;Taj Mahal;Great Wall;Big Ben;Statue of Liberty;Grand Canyon;Mount Everest;Niagara Falls;Amazon River;Sahara Desert;Mount Fuji;Volcano;Glacier;Iceberg;Peninsula;Archipelago;Canyon;Plateau;Valley;Waterfall;Rainforest;Pacific;Atlantic;Indian Ocean;Arctic Ocean;Antarctica;Caribbean;Mediterranean;Red Sea;Black Sea;Baltic Sea;Caspian Sea;Persian Gulf;Hudson Bay;Mississippi;Nile River;Danube River;Rhine River;Thames River;Volga River;Geographic;Cartography;Topography;Elevation;Altitude;Coordinates;Navigation;Orient;Headland;Estuary;Fjord;Glaciated;Waterway;Coastal;Inland;Outback;Wilderness;Sanctuary;National Park;Biosphere;Ecosystem;Reservoir;Aquifer;Tributary;Meander;Sand Dune;Coral Reef;Volcanic;Geysers;Hot Spring;Archipelagoes;Hillsides;Mountain Range;Valley Floor;Riverbed;Coastline;Seashore;Waterfront;Borderland;Hinterland;Mainland;Island Group;Ridge Line;Plateau Land;Forest Land;Desert Oasis;Tropical Isle;Alpine Region;Polar Ice;Glacier Ice;Ocean Wave;Tidal Basin;Sea Coast;Lakeside;Riverbank
Art and Architecture,Painting;Sculpture;Drawing;Sketch;Portrait;Landscape;Still Life;Abstract;Mural;Fresco;Mosaic;Tapestry;Engraving;Etching;Woodcut;Lithograph;Calligraphy;Photography;Gallery;Museum;Exhibition;Studio;Canvas;Palette;Paintbrush;Easel;Pigment;Watercolor;Acrylic;Oil Paint;Charcoal;Pastel;Crayon;Sculptor;Painter;Artist;Architect;Blueprint;Structure;Building;Skyscraper;Cathedral;Church;Temple;Mosque;Synagogue;Castle;Palace;Fortress;Tower;Bridge;Archway;Column;Pillar;Dome;Vault;Facade;Balcony;Courtyard;Atrium;Corridor;Pediment;Gargoyle;Stained Glass;Rotunda;Renaissance;Baroque;Gothic;Classical;Modernism;Impressionism;Masterpiece;Drafting;Design;Ornament;Decoration;Aesthetics;Symmetry;Proportion;Composition;Perspective;Shading;Highlight;Brushstroke;Chiaroscuro;Monochrome;Color Palette;Statuary;Bas Relief;Monolith;Pyramid;Obelisk;Aqueduct;Amphitheater;Colonnade;Piazza;Pavilion;Gazebo;Minaret;Steeple;Belfry;Spire;Architrave;Balustrade;Cornice;Entablature;Frieze;Keystone;Lintel;Parapet;Pilaster;Portico;Transept;Vestibule
School and Education,Classroom;Teacher;Student;Principal;Professor;Instructor;Educator;Classmate;Homeroom;Mathematics;Science;History;Geography;Literature;Grammar;Spelling;Writing;Reading;Biology;Chemistry;Physics;Art Class;Music Class;Homework;Assignment;Project;Report;Essay;Examination;Gradebook;Report Card;Diploma;Degree;Certificate;Graduation;Textbook;Notebook;Workbook;Binder;Folder;Pencil;Ballpoint;Eraser;Sharpener;Ruler;Protractor;Compass;Calculator;Backpack;Locker;Whiteboard;Chalkboard;Lecture;Seminar;Academy;College;University;Campus;Library;Cafeteria;Auditorium;Gymnasium;Playground;Semester;Curriculum;Syllabus;Scholarship;Tutoring;Educate;Learning;Knowledge;Study Hall;Detention;Recess;Schoolbus;Schoolhouse;Schoolyard;Textbooks;Notebooks;Worksheets;Flashcards;Blackboard;Clipboards;Highlighter;Colored Pencil;Fountain Pen;Marker Pen;Pencil Case;Book Bag;School Bag;Diploma Frame;Academic Year;Class Period;Final Exam;Midterm Exam;Pop Quiz;Field Trip;Science Fair;Spell Bee;Honor Roll;Dean List;Valedictorian
Household Items,Furniture;Armchair;Recliner;Ottoman;Coffee Table;Dining Table;Bookcase;Bookshelf;Cabinet;Cupboard;Wardrobe;Closet;Dresser;Nightstand;Mattress;Pillow;Blanket;Bedsheet;Comforter;Duvet;Bedspread;Curtain;Drapes;Blinds;Carpet;Doormat;Mirror;Chandelier;Lightbulb;Television;Refrigerator;Freezer;Stove;Microwave;Toaster;Blender;Dishwasher;Washing Machine;Dryer;Vacuum Cleaner;Ironing Board;Dustpan;Broom;Trash Can;Wastebasket;Towel;Washcloth;Toothbrush;Toothpaste;Silverware;Tablecloth;Napkin;Pillowcase;Cushion;Bedframe;Headboard;Footboard;Mattress Pad;Shower Curtain;Bath Mat;Soap Dispenser;Paper Towel;Toilet Paper;Plunger;Toilet Brush;Laundry Basket;Clothes Hanger;Clothestree;Ironing Cover;Ceiling Fan;Air Conditioner;Space Heater;Dehumidifier;Humidifier;Air Purifier;Alarm Clock;Wall Clock;Table Lamp;Floor Lamp;Desk Lamp;Nightlight;Extension Cord;Power Strip;Surge Protector;Flashlight;Candle Holder;Picture Frame;Wall Mirror;Coat Rack;Shoe Rack;Key Holder;Doorbell;Doorknob;Doorstop;Window Screen;Fireplace;Coffee Maker;Toaster Oven;Food Processor;Electric Kettle;Hand Mixer;Stand Mixer;Pressure Cooker;Slow Cooker;Rice Cooker;Air Fryer;Waffle Maker
Nature and Plants,Wildflower;Sunflower;Daffodil;Carnation;Chrysanthemum;Hydrangea;Geranium;Begonia;Petunia;Marigold;Lavender;Jasmine;Magnolia;Hibiscus;Buttercup;Dandelion;Succulent;Mushroom;Fungus;Seaweed;Bonsai;Oak Tree;Pine Tree;Maple Tree;Birch Tree;Willow Tree;Cedar Tree;Redwood;Sequoia;Palm Tree;Banyan Tree;Cypress;Eucalyptus;Bamboo;Evergreen;Deciduous;Conifer;Sapling;Seedling;Foliage;Branch;Pinecone;Botanical;Horticulture;Vegetation;Undergrowth;Wilderness;Wildflowers;Perennial;Annuals;Shrubbery;Treehouse;Tree Trunk;Pine Needle;Rosebush;Tulip Bulb;Fern Leaf;Lotus Flower;Orchid Bloom;Lily Pad;Cactus Spike;Vine Leaf;Ivy Plant;Greenhouse;Flowerbed;Gardening;Plantation;Arboretum;Woodland;Forest Floor;Canopy Layer;Bark Tree;Root System;Plant Stem;Pollen Grain;Spore Cloud;Flora Kingdom;Nature Trail;Wild Growing;Bloom Time;Blossoming;Sprouting;Germination;Photosynthetic;Plant Cell;Plant Life;Forestry;Timberland;Bushland;Thiquet;Overgrowth;Mossy Bank;Grassy Hill;Meadowland;Pastureland;Wooded Area;Alpine Meadow;Pine Forest;Oak Woodland;Birch Grove;Bamboo Forest
Mythology and Folklore,Dragon;Unicorn;Phoenix;Griffin;Pegasus;Centaur;Minotaur;Mermaid;Merman;Siren;Cyclops;Sphinx;Chimera;Hydra;Cerberus;Gargoyle;Goblin;Gnome;Nymph;Dryad;Wizard;Warlock;Witch;Sorcerer;Sorceress;Enchanter;Potion;Talisman;Artifact;Magic Wand;Mount Olympus;Valhalla;Underworld;Atlantis;Excalibur;Holy Grail;Goddess;Demigod;Legend;Folktale;Oracle;Prophecy;Pandora Box;Trojan Horse;Norse Myth;Greek Myth;Egyptian Myth;Vampire;Werewolf;Frankenstein;Mummy;Banshee;Leprechaun;Shapeshifter;Thunderbird;Behemoth;Leviathan;Basilisk;Cockatrice;Kitsune;Wendigo;Sasquatch;Chupacabra;Loch Ness;Kraken;Sea Serpent;Firebird;Nightmare;Poltergeist;Spellbook;Incantation;Sorcery;Witchcraft;Alchemy;Enchantment;Cauldron;Broomstick;Crystal Ball;Divination;Necromancy;Runestone;Mysticism;Mythology;Folklore;Superstition;Fairy Dust;Magical;Supernatural;Paranormal;Norse Mythology;Greek Mythology;Roman Mythology;Celtic Folklore;Slavic Folklore;Asian Mythology;Native American;Legendary Creature;Mythical Beast;Heroic Quest;Sacred Relic;Divine Being;Immortal Being;Celestial Being;Ancient Legend;Folk Tale;Mythic Realm;Underworld Realm;Olympus Realm;Asgard Realm